TNP_id,Fenotip,RiskAlel(Nötral_MinorAlel),Kromozom,Pozisyon_GRCh38,RefAlel,AltAlel
rs10002414,Nötral,G,4,136588523,A,G
rs10029643,Nötral,C,4,181210462,T,C
rs10038522,Nötral,A,5,5788968,G,A
rs10080115,Nötral,C,5,106588715,T,C
rs10088079,Nötral,G,8,137613088,A,G
rs10096693,Nötral,G,8,29530779,C,G
rs10101091,Nötral,C,8,137580903,A,C
rs10113617,Nötral,A,8,142019653,G,A
rs1013034,Nötral,A,13,106141784,A,G
rs10137171,Nötral,C,14,82915162,C,T
rs10170888,Nötral,A,2,122735471,G,A
rs10176663,Nötral,G,2,6399684,A,G
rs10222263,Nötral,A,22,27442888,G,A
rs10226930,Nötral,C,7,156044601,T,C
rs1022752,Nötral,A,20,54868179,A,T
rs10260564,Nötral,A,7,156108752,G,A
rs10431329,Nötral,C,12,127238552,T,C
rs10431916,Nötral,A,16,62395302,G,A
rs10432220,Nötral,A,18,76110566,G,A
rs10432403,Nötral,T,2,5327249,C,T
rs10468814,Nötral,T,18,78155097,C,T
rs10475168,Nötral,T,5,2554673,C,T
rs10483235,Nötral,C,22,47418803,T,C
rs10494031,Nötral,C,1,105922763,C,T
rs10498101,Nötral,G,2,221089780,A,G
rs10507263,Nötral,G,12,115501562,A,G
rs10511583,Nötral,G,9,13618446,A,G
rs10520766,Nötral,A,15,94836262,G,A
rs10750080,Nötral,T,11,98502823,T,C
rs10759260,Nötral,G,9,107786497,T,G
rs10773327,Nötral,T,12,126800239,T,C
rs10782045,Nötral,G,18,71815948,A,G
rs10790114,Nötral,T,11,116227917,T,C
rs10795134,Nötral,T,10,4116030,C,T
rs10795689,Nötral,T,10,9066355,T,C
rs10799273,Nötral,G,1,4033478,A,G
rs10816544,Nötral,A,9,107660448,G,A
rs10816574,Nötral,G,9,107785916,A,G
rs10816576,Nötral,G,9,107791386,G,A
rs10850519,Nötral,C,12,115490635,G,C
rs10850530,Nötral,A,12,115516693,C,A
rs10852059,Nötral,C,15,97159555,C,T
rs10867315,Nötral,A,9,78959813,G,A
rs10871579,Nötral,A,18,64826352,G,A
rs10905402,Nötral,T,10,8531648,C,T
rs10921617,Nötral,C,1,194592659,T,C
rs10925769,Nötral,C,1,238808339,T,C
rs10947493,Nötral,C,6,9391823,T,C
rs10951861,Nötral,A,7,46653781,G,A
rs10978962,Nötral,T,9,107650366,G,T
rs10979048,Nötral,C,9,107783171,T,C
rs10979269,Nötral,C,9,108193128,T,C
rs10979270,Nötral,G,9,108196747,A,G
rs10979287,Nötral,A,9,108237301,T,A
rs11016332,Nötral,G,10,128565538,A,G
rs11016397,Nötral,A,10,128633053,G,A
rs11016414,Nötral,T,10,128646265,C,T
rs11016688,Nötral,C,10,129124702,T,C
rs11019526,Nötral,G,11,91557100,A,G
rs11058497,Nötral,A,12,126080480,C,A
rs11067702,Nötral,G,12,115647862,T,G
rs11067703,Nötral,T,12,115647984,C,T
rs11073430,Nötral,T,15,95353241,C,T
rs11135379,Nötral,A,5,165678429,G,A
rs11137976,Nötral,A,9,78957801,T,A
rs11156442,Nötral,C,10,131609515,A,C
rs111618284,Nötral,T,16,87005073,C,T
rs111716722,Nötral,C,5,175117172,G,C
rs111727467,Nötral,T,11,98392023,A,T
rs111820976,Nötral,A,7,52108263,G,A
rs112050969,Nötral,T,22,47437415,A,T
rs11215049,Nötral,C,11,98381123,A,C
rs11242593,Nötral,A,5,106585978,C,A
rs11251168,Nötral,A,10,2327354,G,A
rs11252167,Nötral,C,10,3892298,G,C
rs11252381,Nötral,C,10,4165219,T,C
rs11252479,Nötral,A,10,4350739,T,A
rs11256050,Nötral,C,10,9084877,A,C
rs1126232,Nötral,A,5,2564887,T,A
rs112858693,Nötral,T,3,20839920,C,T
rs112981583,Nötral,T,20,60952150,A,T
rs113182376,Nötral,C,3,20812070,T,C
rs113231043,Nötral,T,21,27687997,C,T
rs113562108,Nötral,G,8,137631135,T,G
rs113925448,Nötral,T,18,77998318,G,T
rs114168080,Nötral,C,4,181197982,T,C
rs114247352,Nötral,T,17,12433534,G,T
rs114649453,Nötral,C,12,127175344,T,C
rs114724546,Nötral,A,2,6399834,G,A
rs114786186,Nötral,A,4,178916724,G,A
rs114835004,Nötral,A,5,117055373,T,A
rs115000592,Nötral,T,22,48269097,C,T
rs1150467,Nötral,T,5,5926075,A,T
rs11531437,Nötral,T,7,156073667,G,T
rs11535107,Nötral,T,7,156075037,C,T
rs115430097,Nötral,A,15,97650778,G,A
rs115466515,Nötral,G,7,156051029,A,G
rs115629146,Nötral,T,4,181003689,C,T
rs11579865,Nötral,G,1,104871391,C,G
rs11592436,Nötral,G,10,8533620,C,G
rs115940100,Nötral,G,2,41323045,A,G
rs11601300,Nötral,C,11,116078348,G,C
rs116038661,Nötral,A,1,104861078,T,A
rs11605897,Nötral,A,11,98515301,G,A
rs11617182,Nötral,T,13,104557537,C,T
rs116210335,Nötral,A,4,130314158,C,A
rs11621740,Nötral,T,14,82897872,C,T
rs11625757,Nötral,T,14,98226419,C,T
rs116263185,Nötral,G,9,107644964,A,G
rs11628919,Nötral,G,14,86564812,G,A
rs116484986,Nötral,G,20,55642579,T,G
rs116534386,Nötral,T,2,4377198,C,T
rs116592857,Nötral,G,6,23239284,A,G
rs11688394,Nötral,A,2,6025430,C,A
rs116927692,Nötral,C,8,141892657,T,C
rs11698150,Nötral,G,20,60962586,A,G
rs117046751,Nötral,A,21,24658981,C,A
rs117186564,Nötral,C,15,97050960,T,C
rs117222002,Nötral,A,15,69764882,G,A
rs117239364,Nötral,A,9,79069758,G,A
rs117240850,Nötral,G,13,81455365,C,G
rs117254724,Nötral,A,18,73651825,G,A
rs117265339,Nötral,T,22,48265333,C,T
rs117268163,Nötral,A,4,19071332,T,A
rs117290837,Nötral,A,11,37195484,G,A
rs11730912,Nötral,T,4,162530734,C,T
rs11748838,Nötral,G,5,8582282,A,G
rs117697911,Nötral,T,17,12401648,C,T
rs117882929,Nötral,T,9,79067117,C,T
rs117975802,Nötral,C,18,77995232,T,C
rs11819179,Nötral,G,10,129112952,G,T
rs11837496,Nötral,A,12,115473954,G,A
rs11842347,Nötral,T,13,103930057,C,T
rs11865779,Nötral,G,16,60182364,C,G
rs11893597,Nötral,G,2,78639126,A,G
rs11894255,Nötral,A,2,4348456,C,A
rs11916654,Nötral,T,3,6467628,A,T
rs1194038,Nötral,G,12,126777336,G,A
rs11969554,Nötral,A,6,66938395,G,A
rs11970254,Nötral,T,6,66939323,G,T
rs12003980,Nötral,T,9,108216102,A,T
rs12050412,Nötral,G,14,82911659,T,G
rs12050706,Nötral,C,15,94819344,T,C
rs12076644,Nötral,G,1,208776022,A,G
rs12079674,Nötral,A,1,208774670,G,A
rs12092197,Nötral,A,1,14168729,G,A
rs12098849,Nötral,G,10,2333100,C,G
rs12135233,Nötral,G,1,13941870,A,G
rs12201023,Nötral,T,6,66477742,C,T
rs12201163,Nötral,C,6,66778835,C,T
rs12206841,Nötral,A,6,92244546,G,A
rs12208484,Nötral,A,6,92181969,T,A
rs12228742,Nötral,T,12,126076062,T,C
rs12300369,Nötral,T,12,115465016,C,T
rs12313931,Nötral,T,12,115678234,C,T
rs12325117,Nötral,A,16,8245897,G,A
rs12335764,Nötral,A,9,107888095,G,A
rs12341613,Nötral,C,9,13619785,T,C
rs12365770,Nötral,C,11,98560812,T,C
rs12380076,Nötral,G,9,13612686,T,G
rs12413244,Nötral,C,10,2268808,T,C
rs12414586,Nötral,A,10,3893099,G,A
rs1241923,Nötral,A,14,83532534,A,G
rs1241934,Nötral,C,14,83539069,A,C
rs12423544,Nötral,T,12,115491235,C,T
rs12423873,Nötral,T,12,115522129,C,T
rs1242444,Nötral,G,14,82855280,T,G
rs1242558,Nötral,T,14,82769077,G,T
rs1242560,Nötral,C,14,82771070,C,T
rs12425845,Nötral,C,12,127240556,T,C
rs12429754,Nötral,G,13,54359811,A,G
rs12434022,Nötral,C,14,83279846,T,C
rs12445424,Nötral,A,16,87029768,G,A
rs12446321,Nötral,G,16,59540593,A,G
rs12457676,Nötral,C,18,64833502,A,C
rs12475157,Nötral,A,2,122633148,G,A
rs12480961,Nötral,G,20,55660517,C,G
rs12499281,Nötral,A,4,178773533,G,A
rs12517181,Nötral,A,5,25694859,G,A
rs12540816,Nötral,C,7,46660570,A,C
rs12566096,Nötral,T,1,208888089,C,T
rs12567605,Nötral,G,1,208773842,C,G
rs12568506,Nötral,G,1,208873758,A,G
rs12576376,Nötral,T,11,116354522,C,T
rs1257934,Nötral,A,14,98231000,G,A
rs12583741,Nötral,C,13,81507015,A,C
rs12588883,Nötral,G,14,82863997,A,G
rs12604092,Nötral,T,18,78145569,C,T
rs12624378,Nötral,A,20,56924534,G,A
rs12628155,Nötral,A,22,49055083,A,G
rs12636531,Nötral,T,3,5745167,C,T
rs1267519,Nötral,C,6,14638119,C,A
rs12694558,Nötral,T,2,221102638,C,T
rs12802875,Nötral,T,11,98379361,C,T
rs12823068,Nötral,G,12,115462889,A,G
rs12853636,Nötral,T,13,90398278,C,T
rs12869592,Nötral,A,13,103698606,G,A
rs12874168,Nötral,A,13,103444248,G,A
rs12876907,Nötral,T,13,104550712,A,T
rs12895378,Nötral,A,14,84154913,G,A
rs12928562,Nötral,G,16,8236847,A,G
rs12934440,Nötral,A,16,82424838,G,A
rs12947796,Nötral,A,17,12434276,G,A
rs12956430,Nötral,G,18,73528385,G,A
rs12956833,Nötral,A,18,1483440,G,A
rs12965724,Nötral,A,18,1488616,C,A
rs13038229,Nötral,G,20,56910798,A,G
rs1304565,Nötral,T,8,136458126,T,C
rs13058906,Nötral,G,3,71986686,T,G
rs130862,Nötral,C,22,47437863,T,C
rs130873,Nötral,T,22,47456294,C,T
rs13088715,Nötral,C,3,5897421,T,C
rs13094363,Nötral,A,3,6418832,G,A
rs13100392,Nötral,C,3,1690006,G,C
rs13111651,Nötral,A,4,59901204,C,A
rs13125722,Nötral,T,4,179757114,C,T
rs13155723,Nötral,T,5,27851176,T,G
rs13158747,Nötral,T,5,27845491,A,T
rs13182648,Nötral,T,5,27837699,C,T
rs13202346,Nötral,A,6,68009796,G,A
rs13261328,Nötral,T,8,142014776,T,C
rs13269920,Nötral,A,8,136475794,G,A
rs13282991,Nötral,T,8,137227619,G,T
rs1330147,Nötral,T,9,107786483,G,T
rs1330150,Nötral,A,9,107782126,G,A
rs13327938,Nötral,T,4,180032930,C,T
rs133579,Nötral,A,22,48263453,G,A
rs133580,Nötral,C,22,48264068,C,T
rs1335851,Nötral,T,13,82397963,C,T
rs133588,Nötral,G,22,48270638,A,G
rs13409284,Nötral,A,2,41330599,C,A
rs1341003,Nötral,A,14,94896507,A,G
rs13423200,Nötral,G,2,234269160,A,G
rs13437378,Nötral,C,6,14506954,T,C
rs1344348,Nötral,C,13,103691824,C,T
rs1371261,Nötral,A,4,160415946,G,A
rs1371749,Nötral,C,8,136452779,C,T
rs1381514,Nötral,T,2,6380155,C,T
rs138367623,Nötral,A,17,77691314,C,A
rs1384729,Nötral,G,15,95348977,A,G
rs139293169,Nötral,C,11,98498524,G,C
rs1395644,Nötral,A,15,97648930,G,A
rs139597161,Nötral,T,4,59729434,C,T
rs139706393,Nötral,C,20,60966778,A,C
rs1400989,Nötral,G,11,91562233,A,G
rs1402675,Nötral,A,2,78616776,C,A
rs1403690,Nötral,T,1,238848094,C,T
rs1404716,Nötral,A,7,46766511,T,A
rs140736600,Nötral,A,21,22618963,C,A
rs141026388,Nötral,A,10,9072290,G,A
rs1412015,Nötral,G,13,103683640,G,A
rs1412086,Nötral,T,13,81436562,A,T
rs1412390,Nötral,C,9,25483905,T,C
rs141788531,Nötral,T,4,179973291,G,T
rs142160306,Nötral,A,12,127502306,G,A
rs1426389,Nötral,A,11,116071247,A,T
rs1435361,Nötral,G,3,5748081,A,G
rs1438799,Nötral,G,9,78975976,C,G
rs1439279,Nötral,G,4,181607277,A,G
rs1439281,Nötral,G,4,181670926,T,G
rs1440827,Nötral,A,18,29798058,G,A
rs144271589,Nötral,T,14,83510310,C,T
rs1450449,Nötral,C,4,138653431,C,T
rs145069923,Nötral,C,5,116891601,T,C
rs145155135,Nötral,T,10,129169268,C,T
rs145301947,Nötral,A,16,8247891,G,A
rs1459125,Nötral,C,14,98383694,C,T
rs1460151,Nötral,A,4,136736269,G,A
rs1461343,Nötral,G,11,37161492,A,G
rs1464841,Nötral,C,7,46761830,T,C
rs1471845,Nötral,G,12,115676852,C,G
rs1476330,Nötral,T,12,118623779,C,T
rs147678419,Nötral,G,15,97145377,A,G
rs148169239,Nötral,T,15,94831097,C,T
rs148293636,Nötral,G,12,126069450,A,G
rs148701714,Nötral,T,1,164187722,C,T
rs149056198,Nötral,A,2,122771225,G,A
rs149240107,Nötral,A,14,82882022,T,A
rs1494620,Nötral,T,5,28007955,T,A
rs1495245,Nötral,T,1,4214954,T,A
rs1499008,Nötral,A,3,20852386,G,A
rs150029351,Nötral,A,8,142029264,G,A
rs150546374,Nötral,G,8,137621506,T,G
rs150756654,Nötral,T,13,90597253,C,T
rs150800285,Nötral,T,15,95352674,C,T
rs151103,Nötral,G,14,83290751,G,A
rs1525240,Nötral,A,7,46765315,A,G
rs1530886,Nötral,A,16,8385729,G,A
rs1532363,Nötral,T,1,4216596,C,T
rs1547290,Nötral,C,10,2245671,T,C
rs1551832,Nötral,T,15,69812374,C,T
rs1559703,Nötral,C,4,59908936,T,C
rs1563840,Nötral,T,4,162620201,G,T
rs156487,Nötral,T,3,6433069,C,T
rs1573315,Nötral,T,18,1185290,C,T
rs1591030,Nötral,A,9,25512572,T,A
rs1593530,Nötral,A,12,115057627,G,A
rs1595853,Nötral,G,8,136462242,A,G
rs159982,Nötral,C,5,5988953,T,C
rs1613817,Nötral,G,14,84141850,G,A
rs1648363,Nötral,T,11,116077759,T,C
rs1676049,Nötral,C,14,84159829,T,C
rs16853948,Nötral,A,1,14322476,G,A
rs16863445,Nötral,G,2,5163038,A,G
rs16879330,Nötral,C,4,27425713,T,C
rs16894704,Nötral,T,5,25686927,G,T
rs16898665,Nötral,G,6,66650397,A,G
rs16906888,Nötral,G,8,137231375,A,G
rs16920723,Nötral,G,12,126501207,A,G
rs16926937,Nötral,C,9,11088668,T,C
rs16944536,Nötral,C,13,90447005,T,C
rs16945168,Nötral,A,12,115207362,C,A
rs16949792,Nötral,A,15,95150651,G,A
rs16949811,Nötral,C,15,95192874,G,C
rs16953824,Nötral,A,15,69846293,G,A
rs16963258,Nötral,C,13,103737572,T,C
rs16963738,Nötral,A,13,103912815,G,A
rs16964196,Nötral,G,13,104135403,T,G
rs16970454,Nötral,A,17,77696822,C,A
rs169712,Nötral,G,15,95145840,G,A
rs16976696,Nötral,A,17,71494715,C,A
rs16976699,Nötral,T,17,71501087,C,T
rs16976703,Nötral,T,17,71505434,C,T
rs16978685,Nötral,T,20,55678961,C,T
rs1698532,Nötral,T,14,42736541,C,T
rs16998187,Nötral,A,21,17337613,G,A
rs17004350,Nötral,A,21,23295566,C,A
rs17008676,Nötral,C,2,122786721,A,C
rs17013367,Nötral,T,1,208786612,C,T
rs17027376,Nötral,C,2,41279919,T,C
rs17042381,Nötral,G,3,1669923,C,G
rs17042706,Nötral,A,4,162616860,G,A
rs17043597,Nötral,A,3,5794056,A,G
rs17044887,Nötral,A,3,6436077,C,A
rs17050959,Nötral,C,4,130325943,T,C
rs17060274,Nötral,C,8,29509400,A,C
rs1706507,Nötral,T,12,126781399,C,T
rs17071292,Nötral,T,4,181406312,C,T
rs17071896,Nötral,C,4,181615511,T,C
rs17082096,Nötral,G,9,79065531,A,G
rs17087622,Nötral,G,18,73457255,A,G
rs17087802,Nötral,C,18,73539492,A,C
rs17088093,Nötral,C,18,73676866,T,C
rs17117704,Nötral,C,14,82924200,T,C
rs17140558,Nötral,G,5,116795406,A,G
rs17145181,Nötral,G,10,9066546,A,G
rs17151796,Nötral,T,5,124417708,A,T
rs17157969,Nötral,C,10,2276349,T,C
rs17162584,Nötral,A,7,10101141,G,A
rs17172742,Nötral,A,7,46673623,G,A
rs17202364,Nötral,C,20,60948156,T,C
rs17218362,Nötral,T,5,8571376,C,T
rs17241270,Nötral,A,21,15342159,G,A
rs17275333,Nötral,G,13,81480067,C,G
rs1741230,Nötral,A,14,94892902,T,A
rs17451683,Nötral,T,13,104424772,A,T
rs17463272,Nötral,A,8,29547443,T,A
rs17469573,Nötral,C,2,35451216,T,C
rs17584369,Nötral,C,2,78634071,G,C
rs17587662,Nötral,G,7,46763860,C,G
rs17676330,Nötral,A,14,82853532,G,A
rs17680429,Nötral,T,13,70699362,G,T
rs17716898,Nötral,C,4,178564952,G,C
rs17719935,Nötral,C,5,4090187,T,C
rs1772548,Nötral,A,13,103750262,A,C
rs17732316,Nötral,A,15,94794084,G,A
rs17747900,Nötral,G,4,179244686,A,G
rs17752880,Nötral,A,5,4885449,G,A
rs17756738,Nötral,C,18,64871387,G,C
rs17779617,Nötral,A,16,8247501,G,A
rs17823113,Nötral,C,4,180041093,T,C
rs1807357,Nötral,G,4,181623892,T,G
rs181100197,Nötral,T,4,178782473,C,T
rs1830946,Nötral,A,6,9395182,G,A
rs1834084,Nötral,G,16,62432675,G,A
rs184127127,Nötral,G,9,107798361,T,G
rs185680,Nötral,A,9,23485993,G,A
rs185785169,Nötral,C,14,43010273,T,C
rs1868984,Nötral,G,16,8377447,G,A
rs1869677,Nötral,T,6,66640376,C,T
rs1879409,Nötral,T,12,118625106,C,T
rs1891284,Nötral,T,6,14651937,C,T
rs1894066,Nötral,C,11,116201486,T,C
rs1894074,Nötral,T,11,116189713,T,C
rs1904089,Nötral,G,4,130813516,A,G
rs1910298,Nötral,C,1,238625656,T,C
rs1911434,Nötral,T,10,80879671,C,T
rs191161528,Nötral,A,8,139353399,C,A
rs1918387,Nötral,C,21,22592144,T,C
rs1919323,Nötral,G,4,164672592,C,G
rs192022750,Nötral,G,20,56924844,A,G
rs1924209,Nötral,C,13,21947212,T,C
rs1929032,Nötral,C,13,90553475,C,G
rs1959396,Nötral,T,14,83462536,T,A
rs1967304,Nötral,C,17,72295015,C,A
rs1999433,Nötral,T,9,78756525,C,T
rs2046435,Nötral,C,14,83443576,T,C
rs2059125,Nötral,T,5,166771756,G,T
rs2125600,Nötral,G,14,98374441,G,A
rs2127459,Nötral,T,4,135583346,G,T
rs2165384,Nötral,T,18,29796899,C,T
rs2196923,Nötral,G,9,89949507,A,G
rs2202949,Nötral,C,16,59538725,A,C
rs2202951,Nötral,A,16,59555356,G,A
rs2206613,Nötral,T,6,4591146,C,T
rs2210842,Nötral,T,14,86577208,C,T
rs2218688,Nötral,G,15,94816306,G,A
rs2248112,Nötral,T,18,76104932,T,G
rs2253567,Nötral,A,1,238846187,C,A
rs2309278,Nötral,T,4,180257154,C,T
rs2313582,Nötral,C,16,87011024,T,C
rs2329702,Nötral,C,5,27952909,A,C
rs2348136,Nötral,C,12,127239225,C,T
rs2363907,Nötral,C,7,155929965,C,T
rs2364506,Nötral,A,7,156114923,T,A
rs237324,Nötral,A,17,12425239,G,A
rs2388902,Nötral,A,10,8960435,G,A
rs2406764,Nötral,G,16,59542582,A,G
rs2408977,Nötral,C,21,24610685,C,T
rs2422478,Nötral,G,11,37157952,G,A
rs242300,Nötral,T,21,27469392,T,C
rs2514289,Nötral,A,11,91575693,A,G
rs2561725,Nötral,A,5,4966569,C,A
rs2565610,Nötral,A,3,5484625,G,A
rs2579792,Nötral,C,10,64641336,C,T
rs2609103,Nötral,A,2,6041723,G,A
rs26658,Nötral,T,5,124411494,C,T
rs2702391,Nötral,C,4,178575503,C,T
rs2712536,Nötral,G,12,127232647,T,G
rs2712572,Nötral,G,12,127168282,G,A
rs2721823,Nötral,C,17,12381636,T,C
rs2728740,Nötral,C,4,129680641,C,T
rs2730314,Nötral,G,3,5867838,C,G
rs2785499,Nötral,C,13,103933064,C,T
rs280492,Nötral,T,3,6405212,T,C
rs2818215,Nötral,T,13,54355458,C,T
rs2823292,Nötral,A,21,15473786,G,A
rs2828041,Nötral,G,21,23308816,C,G
rs2829223,Nötral,G,21,24648988,T,G
rs2829224,Nötral,G,21,24649560,G,A
rs2829240,Nötral,G,21,24662659,G,C
rs2830977,Nötral,A,21,27488771,G,A
rs28410234,Nötral,T,9,107656647,C,T
rs2841359,Nötral,A,1,238793387,G,A
rs28419219,Nötral,A,4,28857910,G,A
rs28489669,Nötral,G,15,95200061,A,G
rs2851627,Nötral,C,11,97930459,T,C
rs28564448,Nötral,G,8,137592808,A,G
rs2860143,Nötral,C,13,81430697,T,C
rs2865962,Nötral,T,20,60953478,C,T
rs28680707,Nötral,A,4,180258686,G,A
rs28742880,Nötral,C,4,27430658,A,C
rs28867474,Nötral,C,15,97634171,T,C
rs289447,Nötral,A,15,97702785,G,A
rs2899755,Nötral,C,15,69763561,T,C
rs290639,Nötral,C,15,95139444,T,C
rs290667,Nötral,G,15,95194032,A,G
rs2953424,Nötral,C,7,52109281,A,C
rs297308,Nötral,G,4,27712944,A,G
rs2974656,Nötral,A,5,2901246,C,A
rs3009384,Nötral,G,1,194574153,A,G
rs3015361,Nötral,C,13,105249152,C,A
rs305015,Nötral,T,15,69816368,G,T
rs3101046,Nötral,C,2,6439362,T,C
rs3107074,Nötral,A,11,91556226,C,A
rs32567,Nötral,A,5,5791347,G,A
rs336160,Nötral,G,5,8150312,A,G
rs338121,Nötral,G,13,70668903,G,A
rs34013087,Nötral,A,12,126776929,A,T
rs340722,Nötral,G,2,16211646,G,A
rs34322213,Nötral,G,5,165686317,A,G
rs34525745,Nötral,C,15,97059308,T,C
rs34597737,Nötral,T,7,156142795,C,T
rs34747197,Nötral,G,5,105687846,A,G
rs34831363,Nötral,C,20,60951432,A,C
rs34868438,Nötral,A,2,52424188,G,A
rs34886379,Nötral,G,11,39365633,A,G
rs34998939,Nötral,G,3,5878477,C,G
rs35021400,Nötral,A,16,87013026,C,A
rs35091837,Nötral,A,7,156050533,T,A
rs35113866,Nötral,A,14,82925054,G,A
rs35207537,Nötral,C,18,1504903,G,C
rs35227130,Nötral,C,10,57473303,G,C
rs35276641,Nötral,A,14,98394148,G,A
rs35376407,Nötral,T,3,6431381,C,T
rs35467,Nötral,G,12,115093747,A,G
rs35492781,Nötral,T,4,179990382,C,T
rs35579773,Nötral,C,14,98353350,T,C
rs35726994,Nötral,T,2,234295650,A,T
rs35792371,Nötral,C,8,137607550,T,C
rs35954648,Nötral,C,21,23447482,T,C
rs36014323,Nötral,G,8,137790890,A,G
rs3851661,Nötral,C,12,127239578,T,C
rs385875,Nötral,C,20,55676189,T,C
rs3890515,Nötral,C,21,23277389,T,C
rs407964,Nötral,A,2,6425837,A,G
rs410443,Nötral,C,5,25801031,T,C
rs41384646,Nötral,A,9,108220450,G,A
rs4144414,Nötral,C,10,128645876,T,C
rs4274181,Nötral,T,11,39322888,C,T
rs4308772,Nötral,A,8,141676002,A,G
rs4361598,Nötral,G,6,66495660,A,G
rs4367594,Nötral,C,8,29537964,T,C
rs4385427,Nötral,T,7,52093188,T,A
rs4387413,Nötral,C,12,118624411,G,C
rs4407610,Nötral,A,5,105752220,G,A
rs4408780,Nötral,T,20,55660162,C,T
rs4426133,Nötral,T,11,23924045,T,A
rs4433896,Nötral,A,18,73676630,C,A
rs4437057,Nötral,G,22,27443962,A,G
rs4467613,Nötral,A,4,179730108,G,A
rs4470843,Nötral,C,6,23261138,A,C
rs4485031,Nötral,T,10,131618362,G,T
rs4489867,Nötral,G,13,90558459,G,A
rs4491191,Nötral,C,11,39307025,C,T
rs4513730,Nötral,C,5,117118467,C,A
rs4531516,Nötral,T,12,115206883,C,T
rs4589567,Nötral,T,16,62422704,G,T
rs4620319,Nötral,T,8,137617741,C,T
rs4710626,Nötral,A,6,66787974,G,A
rs4749835,Nötral,C,10,9073445,T,C
rs4750742,Nötral,G,10,129168007,T,G
rs4765129,Nötral,A,12,127167395,G,A
rs4811778,Nötral,T,20,56903394,C,T
rs4866710,Nötral,C,5,3048695,T,C
rs4881300,Nötral,T,10,4146102,C,T
rs4891449,Nötral,C,18,71794384,C,T
rs4899832,Nötral,A,14,83484526,A,T
rs4904117,Nötral,A,14,83474923,G,A
rs4909676,Nötral,T,8,137591274,T,C
rs493693,Nötral,A,11,116377042,A,C
rs4977987,Nötral,G,9,25494053,G,A
rs497898,Nötral,A,11,116356542,G,A
rs4979370,Nötral,T,9,107780763,T,G
rs4984442,Nötral,G,15,94838998,G,A
rs528444450,Nötral,A,4,130328774,T,A
rs528538491,Nötral,A,1,164107036,T,A
rs544987308,Nötral,A,13,105263733,T,A
rs547455183,Nötral,A,21,15339589,G,A
rs550317,Nötral,G,20,60948393,A,G
rs551167414,Nötral,C,20,60948062,T,C
rs55774933,Nötral,T,2,234763462,C,T
rs55845098,Nötral,C,7,9549620,T,C
rs55853137,Nötral,A,7,156067230,G,A
rs55863175,Nötral,A,10,3898353,G,A
rs55877711,Nötral,C,1,4033495,T,C
rs55886731,Nötral,T,11,39376009,G,T
rs56045007,Nötral,A,2,41292740,C,A
rs56058543,Nötral,G,10,4357851,A,G
rs56071603,Nötral,C,3,6471947,C,T
rs56135492,Nötral,C,1,14160403,T,C
rs56136611,Nötral,C,5,4884266,T,C
rs56160345,Nötral,G,18,76658648,A,G
rs56176195,Nötral,A,21,24627255,C,A
rs56199906,Nötral,C,7,156105179,G,C
rs56266833,Nötral,A,13,70644007,G,A
rs56270828,Nötral,T,13,105275140,C,T
rs56315709,Nötral,C,9,107791628,G,C
rs56342292,Nötral,A,20,60960012,G,A
rs566732574,Nötral,T,9,13622197,A,T
rs56722450,Nötral,T,22,47306442,C,T
rs56727131,Nötral,T,5,2533234,G,T
rs56793117,Nötral,G,2,5164671,A,G
rs569560140,Nötral,G,14,82835999,C,G
rs57171386,Nötral,A,13,104152434,T,A
rs57353197,Nötral,G,12,115490797,T,G
rs57362919,Nötral,A,14,82784962,G,A
rs57430842,Nötral,G,13,81456226,T,G
rs574529,Nötral,C,11,116363140,T,C
rs57465319,Nötral,T,5,2532438,T,A
rs57495750,Nötral,C,17,72294019,T,C
rs57588800,Nötral,C,20,56900512,T,C
rs5762151,Nötral,A,22,27451357,G,A
rs5767660,Nötral,G,22,47303253,A,G
rs57727902,Nötral,C,18,64884769,T,C
rs57902271,Nötral,C,7,156051290,T,C
rs58296719,Nötral,A,22,48268597,G,A
rs58560184,Nötral,T,5,171693016,C,T
rs58603840,Nötral,A,18,73546065,G,A
rs58665873,Nötral,C,5,27842720,T,C
rs58792391,Nötral,C,16,7977505,T,C
rs59321911,Nötral,G,10,128582823,A,G
rs59679752,Nötral,A,20,60943483,G,A
rs6005437,Nötral,T,22,27442013,C,T
rs6008125,Nötral,T,22,47290183,C,T
rs6009397,Nötral,T,22,49063544,A,T
rs6014436,Nötral,C,20,55656156,A,C
rs6024300,Nötral,C,20,55691912,C,G
rs6027918,Nötral,T,20,60948094,C,T
rs60399096,Nötral,G,1,208656198,A,G
rs60624399,Nötral,A,6,14509312,G,A
rs6064127,Nötral,T,20,54875027,C,T
rs60683728,Nötral,A,14,98212844,G,A
rs6069369,Nötral,C,20,55685887,T,C
rs60698123,Nötral,C,16,8382393,G,C
rs6069923,Nötral,T,20,56906042,T,C
rs6071441,Nötral,T,20,60932501,C,T
rs60776921,Nötral,C,14,96032430,T,C
rs6101197,Nötral,C,20,61030499,C,T
rs6124039,Nötral,A,20,60954143,A,G
rs6124058,Nötral,T,20,61042744,C,T
rs6127548,Nötral,G,20,55671765,T,G
rs61639442,Nötral,A,14,83484525,T,A
rs61666623,Nötral,G,16,82405187,A,G
rs61697873,Nötral,G,7,156041827,A,G
rs61814113,Nötral,T,1,104875853,T,A
rs61817398,Nötral,A,1,208903053,C,A
rs61829121,Nötral,C,1,238841465,A,C
rs61836002,Nötral,A,10,2274418,G,A
rs61982688,Nötral,C,14,83499183,T,C
rs61984869,Nötral,A,14,83432670,G,A
rs62018833,Nötral,C,16,7974902,T,C
rs62018921,Nötral,G,15,95150794,T,G
rs62019661,Nötral,A,15,95157696,G,A
rs62019667,Nötral,T,15,95185756,C,T
rs62043397,Nötral,A,16,87008531,G,A
rs62048848,Nötral,T,16,60160037,C,T
rs62061493,Nötral,C,17,12411179,C,T
rs62062211,Nötral,C,17,71326802,T,C
rs62069797,Nötral,C,17,72309246,T,C
rs62077089,Nötral,G,17,77699738,A,G
rs62099326,Nötral,G,18,64891619,A,G
rs62101790,Nötral,G,18,71788536,T,G
rs62109981,Nötral,T,2,6386176,A,T
rs62110020,Nötral,G,2,6419661,T,G
rs62118154,Nötral,T,2,4371126,C,T
rs62129873,Nötral,G,2,52451396,A,G
rs62173729,Nötral,T,2,128669234,C,T
rs62226623,Nötral,G,22,48271400,A,G
rs62242885,Nötral,C,21,17335294,A,C
rs62245469,Nötral,C,3,71985544,T,C
rs62270796,Nötral,A,3,103736132,T,A
rs62328338,Nötral,T,5,2555416,A,T
rs62336677,Nötral,T,4,178784476,G,T
rs62351592,Nötral,A,5,27826967,C,A
rs62357447,Nötral,T,5,28417732,C,T
rs62359337,Nötral,T,5,28645922,C,T
rs62362260,Nötral,G,5,85310010,T,G
rs62395097,Nötral,G,6,9493498,A,G
rs62417592,Nötral,T,6,66784370,C,T
rs62480690,Nötral,A,7,156127664,G,A
rs62480712,Nötral,G,7,156141772,A,G
rs62481752,Nötral,A,7,155927701,G,A
rs62541654,Nötral,T,9,23484908,C,T
rs6431300,Nötral,T,2,234789077,T,A
rs6443007,Nötral,T,3,5899625,G,T
rs6455129,Nötral,T,6,66690373,A,T
rs6456551,Nötral,T,6,23446719,C,T
rs6459968,Nötral,G,7,155922387,A,G
rs6475730,Nötral,C,9,23299682,C,T
rs6482723,Nötral,G,10,129179967,G,A
rs6489042,Nötral,G,12,126060016,A,G
rs6492014,Nötral,C,13,106225840,C,T
rs6506772,Nötral,C,18,78158499,T,C
rs6560812,Nötral,A,10,2330911,A,C
rs6566048,Nötral,C,18,77941909,C,T
rs6566751,Nötral,A,18,73654054,A,G
rs6566758,Nötral,A,18,73675626,A,C
rs6575832,Nötral,T,14,101170151,A,T
rs6577839,Nötral,G,8,137792952,G,A
rs6650713,Nötral,C,18,64862618,C,A
rs6661262,Nötral,A,1,13928255,G,A
rs66738128,Nötral,T,4,59738046,A,T
rs6708686,Nötral,T,2,234225951,C,T
rs6726264,Nötral,C,2,6411741,T,C
rs6729786,Nötral,G,2,128655643,T,G
rs6731728,Nötral,T,2,235189024,A,T
rs67484289,Nötral,G,12,126780391,C,G
rs6769690,Nötral,C,3,5815489,G,C
rs67801543,Nötral,T,10,9066361,C,T
rs6793466,Nötral,T,3,5797889,G,T
rs67952068,Nötral,A,5,28038636,G,A
rs6815600,Nötral,G,4,135125634,A,G
rs68183785,Nötral,C,14,42788610,T,C
rs6827934,Nötral,C,4,178809884,T,C
rs6830634,Nötral,T,4,181679721,C,T
rs6844962,Nötral,C,4,59740937,T,C
rs6853180,Nötral,G,4,135833287,G,A
rs6857087,Nötral,C,4,135564303,T,C
rs6870425,Nötral,G,5,166768793,C,G
rs6884888,Nötral,T,5,28364740,C,T
rs6886502,Nötral,C,5,2537549,G,C
rs6887623,Nötral,G,5,27786147,G,A
rs6906444,Nötral,C,6,23244951,T,C
rs6929521,Nötral,T,6,164916305,C,T
rs6940579,Nötral,A,6,66647310,A,T
rs6978359,Nötral,T,7,10103973,C,T
rs6995208,Nötral,G,8,29518717,A,G
rs7003047,Nötral,T,8,142019700,C,T
rs7019160,Nötral,G,9,78967177,A,G
rs7028283,Nötral,A,9,25488053,C,A
rs7031319,Nötral,G,9,79063334,A,G
rs7043432,Nötral,G,9,108226066,A,G
rs7082932,Nötral,T,10,128573617,T,C
rs7087615,Nötral,T,10,2331101,C,T
rs7093770,Nötral,C,10,8525166,T,C
rs7108346,Nötral,T,11,98535199,C,T
rs7121194,Nötral,T,11,127471429,C,T
rs7129918,Nötral,C,11,39377880,C,G
rs71390875,Nötral,T,16,87028440,C,T
rs7143081,Nötral,C,14,43012874,T,C
rs7143235,Nötral,A,14,96037948,G,A
rs7144476,Nötral,G,14,86566449,C,G
rs71460794,Nötral,A,12,127515775,C,A
rs7151781,Nötral,C,14,43017765,T,C
rs7157483,Nötral,A,14,28524086,G,A
rs71581265,Nötral,G,5,116890243,T,G
rs71636163,Nötral,C,4,181601869,A,C
rs7167283,Nötral,T,15,94822315,C,T
rs7169836,Nötral,G,15,95162857,G,A
rs7172344,Nötral,G,15,97708640,A,G
rs7177921,Nötral,A,15,94828116,A,G
rs7192158,Nötral,A,16,59533719,C,A
rs7194540,Nötral,C,16,87036890,T,C
rs7198362,Nötral,T,16,59568276,C,T
rs7202694,Nötral,G,16,82414249,A,G
rs7205420,Nötral,T,16,8246946,A,T
rs721832,Nötral,A,9,89961646,G,A
rs7221998,Nötral,T,17,12414065,C,T
rs7226156,Nötral,C,17,71492127,G,C
rs7242889,Nötral,G,18,73564150,C,G
rs7243043,Nötral,C,18,77949243,G,C
rs726039,Nötral,A,13,104497103,G,A
rs72628297,Nötral,G,16,87028936,C,G
rs72631550,Nötral,C,2,5056634,T,C
rs72634926,Nötral,T,4,59762480,C,T
rs72697046,Nötral,C,14,86584131,G,C
rs72700480,Nötral,C,4,181662164,T,C
rs72701285,Nötral,C,14,82924746,T,C
rs72704156,Nötral,C,14,98222723,T,C
rs72707564,Nötral,C,5,6074117,G,C
rs72708235,Nötral,A,14,98373741,C,A
rs72709802,Nötral,A,9,25515907,G,A
rs72710706,Nötral,C,4,178757214,T,C
rs72728180,Nötral,T,8,137557865,A,T
rs72728185,Nötral,C,8,137568459,G,C
rs72746218,Nötral,C,5,28046348,T,C
rs72746263,Nötral,C,1,208790744,A,C
rs72751478,Nötral,G,5,25325643,A,G
rs72752428,Nötral,A,5,28390523,G,A
rs72776549,Nötral,A,10,4144418,T,A
rs72789722,Nötral,G,2,35417722,A,G
rs72793195,Nötral,A,2,41278831,G,A
rs72794912,Nötral,T,2,41302367,C,T
rs7280292,Nötral,G,21,27479487,A,G
rs7280494,Nötral,A,21,15346921,G,A
rs7281937,Nötral,G,21,24648916,A,G
rs72860095,Nötral,A,10,128893132,G,A
rs72878295,Nötral,G,6,66674734,A,G
rs72885416,Nötral,T,6,66779259,A,T
rs72900387,Nötral,A,6,68010405,G,A
rs72900392,Nötral,C,6,68012715,T,C
rs7291277,Nötral,C,22,47449530,T,C
rs7291598,Nötral,T,22,47296241,C,T
rs72923095,Nötral,A,4,130354524,G,A
rs72935642,Nötral,T,4,138663052,C,T
rs72947704,Nötral,C,18,67909269,T,C
rs72949371,Nötral,C,11,37164305,G,C
rs72956433,Nötral,A,2,122768197,G,A
rs72974429,Nötral,C,2,122656206,A,C
rs72975637,Nötral,C,2,234762950,T,C
rs72982181,Nötral,A,2,234289735,G,A
rs72986560,Nötral,T,4,162498062,C,T
rs72987866,Nötral,T,18,78157644,C,T
rs72999328,Nötral,T,11,116192237,A,T
rs73001814,Nötral,A,3,1697160,G,A
rs73002886,Nötral,C,4,178807827,T,C
rs73028400,Nötral,A,5,5928332,G,A
rs73079331,Nötral,A,5,28391332,G,A
rs73109913,Nötral,T,3,5811472,C,T
rs73111820,Nötral,G,3,5896138,A,G
rs73145098,Nötral,T,2,4330649,C,T
rs73145941,Nötral,A,20,61021091,T,A
rs7316146,Nötral,C,12,126079837,T,C
rs7325222,Nötral,A,13,104917028,G,A
rs73284211,Nötral,G,20,55149234,A,G
rs73285885,Nötral,C,20,55661311,T,C
rs7328957,Nötral,C,13,103905491,T,C
rs73402196,Nötral,G,12,115645038,A,G
rs73439723,Nötral,G,15,69850914,A,G
rs73468047,Nötral,T,15,97705759,C,T
rs73675409,Nötral,C,7,9554004,G,C
rs73737969,Nötral,A,7,156120863,G,A
rs73738928,Nötral,G,7,155914750,C,G
rs73783305,Nötral,G,5,117067957,T,G
rs73808925,Nötral,C,3,6389613,T,C
rs73861869,Nötral,G,4,135165922,A,G
rs73898806,Nötral,C,21,24694858,T,C
rs73916016,Nötral,T,20,55642824,C,T
rs73996805,Nötral,G,2,234233667,T,G
rs74151442,Nötral,A,1,238829855,C,A
rs74155639,Nötral,G,1,208771938,A,G
rs74239279,Nötral,A,12,118627861,G,A
rs74281952,Nötral,A,22,47437414,T,A
rs74351460,Nötral,C,21,24600441,G,C
rs74367757,Nötral,G,14,82873523,T,G
rs74490358,Nötral,A,2,122768068,G,A
rs74527336,Nötral,C,17,12434473,A,C
rs74529488,Nötral,C,12,115213320,A,C
rs74660148,Nötral,G,21,15344130,A,G
rs74678883,Nötral,A,3,6435003,G,A
rs74704439,Nötral,A,5,28039225,T,A
rs74748840,Nötral,T,14,101335346,C,T
rs7477375,Nötral,G,10,2244238,G,T
rs74779117,Nötral,T,7,156102180,G,T
rs74853277,Nötral,A,8,137229976,C,A
rs74882443,Nötral,T,16,63675664,C,T
rs7491095,Nötral,G,13,90270176,A,G
rs74957579,Nötral,T,7,10112840,C,T
rs74968594,Nötral,C,21,15352712,T,C
rs74988070,Nötral,A,8,137620612,G,A
rs75014104,Nötral,T,10,129177565,C,T
rs75059258,Nötral,A,2,5207217,C,A
rs75093486,Nötral,A,10,4118704,G,A
rs75192979,Nötral,A,6,9503476,G,A
rs75275131,Nötral,G,2,4377654,A,G
rs75294318,Nötral,G,2,234258223,C,G
rs7533979,Nötral,G,1,238778579,T,G
rs75393366,Nötral,T,3,6420013,C,T
rs75401228,Nötral,A,12,127168477,T,A
rs75404740,Nötral,C,9,13620120,A,C
rs75414614,Nötral,G,1,14326765,A,G
rs75506345,Nötral,T,13,90383102,C,T
rs7555001,Nötral,C,1,164129485,T,C
rs75576186,Nötral,A,13,103902149,G,A
rs75663147,Nötral,G,22,47456740,A,G
rs7568011,Nötral,C,2,4370416,T,C
rs7575512,Nötral,C,2,234301649,T,C
rs75778431,Nötral,A,18,64874494,C,A
rs75827053,Nötral,A,9,108193893,G,A
rs75840887,Nötral,G,2,78670556,A,G
rs75843529,Nötral,A,3,71977900,G,A
rs76039404,Nötral,T,12,115680194,C,T
rs76085591,Nötral,T,14,43014533,C,T
rs761252,Nötral,G,22,47407652,A,G
rs76131388,Nötral,C,15,95165770,T,C
rs76147195,Nötral,A,2,128658809,G,A
rs76153583,Nötral,G,16,8394991,A,G
rs76168824,Nötral,T,15,94836111,C,T
rs76273245,Nötral,T,14,82808633,C,T
rs7629691,Nötral,G,3,1703707,A,G
rs763031,Nötral,T,22,47435027,C,T
rs76332933,Nötral,C,13,70629184,T,C
rs7641425,Nötral,T,3,5799331,G,T
rs76433036,Nötral,A,1,5204774,G,A
rs7647583,Nötral,T,3,20829350,A,T
rs76494444,Nötral,T,2,6474827,C,T
rs76525333,Nötral,T,14,82879148,C,T
rs76642373,Nötral,A,3,5749549,G,A
rs76734433,Nötral,A,21,23456011,C,A
rs76756502,Nötral,A,9,107886928,G,A
rs7675742,Nötral,T,4,179956464,T,C
rs76775848,Nötral,C,10,9069337,T,C
rs76838733,Nötral,T,1,13951995,C,T
rs7684716,Nötral,A,4,130320638,C,A
rs7690792,Nötral,G,4,160409449,A,G
rs76953522,Nötral,G,7,156063865,A,G
rs77063782,Nötral,G,15,97637407,A,G
rs7708780,Nötral,A,5,85309716,G,A
rs7708796,Nötral,G,5,5898610,G,A
rs77204288,Nötral,A,16,60193723,G,A
rs77299453,Nötral,T,2,234287113,C,T
rs7732075,Nötral,A,5,2900009,G,A
rs77327428,Nötral,T,13,103882752,G,T
rs77352620,Nötral,C,13,90384653,T,C
rs7735371,Nötral,T,5,3808398,C,T
rs7754509,Nötral,A,6,66755852,T,A
rs77592155,Nötral,A,16,62425452,T,A
rs77597366,Nötral,G,9,78755153,T,G
rs77621330,Nötral,G,5,175110032,A,G
rs7764724,Nötral,C,6,4605367,T,C
rs77682301,Nötral,G,9,107846268,A,G
rs7769968,Nötral,C,6,9360527,G,C
rs77790513,Nötral,G,1,208737349,A,G
rs77980764,Nötral,A,8,141903155,G,A
rs77989792,Nötral,A,9,13621899,C,A
rs77996080,Nötral,C,1,105170687,T,C
rs77996498,Nötral,A,4,162637633,G,A
rs78060243,Nötral,C,7,156140876,T,C
rs78073134,Nötral,A,17,77688266,G,A
rs7807572,Nötral,G,7,52085999,C,G
rs78116360,Nötral,G,11,24007077,A,G
rs78152035,Nötral,C,5,165761330,A,C
rs78157926,Nötral,A,18,1187212,G,A
rs78190491,Nötral,T,6,92235813,C,T
rs78244619,Nötral,G,6,66941889,A,G
rs7844529,Nötral,T,8,141696743,T,C
rs78552540,Nötral,A,17,12424566,G,A
rs7860663,Nötral,G,9,108353942,A,G
rs78640911,Nötral,A,4,28857968,C,A
rs78643137,Nötral,A,5,5878149,G,A
rs78669885,Nötral,G,4,164681303,C,G
rs78684007,Nötral,G,10,4352648,A,G
rs78735435,Nötral,G,18,73662122,A,G
rs78775346,Nötral,C,1,164179542,T,C
rs78827367,Nötral,T,9,23462051,C,T
rs78875653,Nötral,G,10,128888996,T,G
rs78906117,Nötral,G,13,81507972,T,G
rs79064726,Nötral,T,10,64648334,A,T
rs79135745,Nötral,G,16,60187425,C,G
rs79176831,Nötral,T,4,135130110,A,T
rs7919885,Nötral,C,10,4341450,T,C
rs79201258,Nötral,G,21,24550793,A,G
rs79332529,Nötral,T,10,128902483,C,T
rs79335867,Nötral,G,10,4133718,A,G
rs79349112,Nötral,A,13,104271503,C,A
rs79367113,Nötral,G,2,235203240,A,G
rs79382669,Nötral,G,8,142022909,C,G
rs7938513,Nötral,C,11,37188650,T,C
rs7944689,Nötral,G,11,98527090,T,G
rs79517161,Nötral,A,13,103456329,G,A
rs79535662,Nötral,A,8,137630278,G,A
rs79555492,Nötral,T,2,235212339,C,T
rs79641793,Nötral,A,18,77950212,C,A
rs7970559,Nötral,C,12,115447843,A,C
rs79763718,Nötral,C,6,66625549,A,C
rs79949422,Nötral,T,13,81438926,C,T
rs79971181,Nötral,C,3,6451773,A,C
rs8000594,Nötral,T,13,103736151,C,T
rs8004268,Nötral,A,14,99062461,G,A
rs8004874,Nötral,A,14,83295215,G,A
rs80057019,Nötral,A,21,24687821,G,A
rs80096665,Nötral,C,11,116188061,T,C
rs8010516,Nötral,G,14,82846671,T,G
rs8014964,Nötral,G,14,94899519,A,G
rs8024220,Nötral,G,15,69806058,A,G
rs80271593,Nötral,A,21,27689217,C,A
rs80326307,Nötral,T,3,5896491,C,T
rs80330229,Nötral,T,18,76661403,C,T
rs8063400,Nötral,C,16,87003237,T,C
rs8074509,Nötral,C,17,71336941,C,T
rs8077810,Nötral,G,17,12375155,A,G
rs8098718,Nötral,A,18,64808843,A,T
rs8135985,Nötral,A,22,47296373,G,A
rs8181410,Nötral,G,10,4021707,T,G
rs857428,Nötral,T,6,14639852,C,T
rs875367,Nötral,A,8,136480017,G,A
rs878694,Nötral,G,20,54961683,C,G
rs884286,Nötral,A,9,107895677,G,A
rs891716,Nötral,C,2,235205793,C,T
rs907077,Nötral,T,12,115207462,T,C
rs914414,Nötral,T,13,103695994,T,C
rs915059,Nötral,C,14,82834478,T,C
rs919328,Nötral,T,5,27973762,A,T
rs9300927,Nötral,A,13,104422616,G,A
rs9301124,Nötral,A,13,106223138,A,G
rs9305227,Nötral,A,21,24565357,T,A
rs9316714,Nötral,A,13,54373110,G,A
rs9318831,Nötral,T,13,82008575,C,T
rs9324444,Nötral,T,8,137234090,A,T
rs933913,Nötral,G,12,115693582,A,G
rs9357440,Nötral,G,6,9492160,C,G
rs9358624,Nötral,G,6,23289212,G,A
rs9366893,Nötral,C,6,9408259,G,C
rs942238,Nötral,C,9,108381812,T,C
rs9466710,Nötral,G,6,23261491,T,G
rs9476619,Nötral,G,6,14652938,G,A
rs9509896,Nötral,C,13,21842062,T,C
rs9542414,Nötral,A,13,70581037,T,A
rs9542449,Nötral,A,13,70636539,G,A
rs9546073,Nötral,A,13,82369532,G,A
rs9555073,Nötral,C,13,104547800,T,C
rs955531,Nötral,G,9,25491362,A,G
rs9558736,Nötral,T,13,106263673,C,T
rs9582764,Nötral,A,13,103925841,G,A
rs9586776,Nötral,T,13,105256910,G,T
rs9586779,Nötral,T,13,105263600,A,T
rs9601791,Nötral,G,13,82005906,G,A
rs9602581,Nötral,C,13,84912021,T,C
rs9625234,Nötral,T,22,27447677,C,T
rs9635876,Nötral,G,18,78146260,A,G
rs9644921,Nötral,T,9,108351972,C,T
rs9678299,Nötral,T,2,6020619,T,G
rs9692002,Nötral,G,7,156143296,C,G
rs969219,Nötral,G,4,179242927,A,G
rs970510,Nötral,T,18,71812685,T,A
rs972940,Nötral,T,4,178794434,C,T
rs9754600,Nötral,T,3,5902995,G,T
rs9788238,Nötral,G,12,115685708,C,G
rs9789896,Nötral,A,21,24561725,C,A
rs9829769,Nötral,T,3,5492501,C,T
rs9834078,Nötral,T,3,71988934,C,T
rs983551,Nötral,C,5,28297145,C,T
rs9885051,Nötral,C,5,2544012,T,C
rs9894103,Nötral,G,17,77699327,A,G
rs9896177,Nötral,T,17,72311100,C,T
rs9902204,Nötral,T,17,77693230,A,T
rs990319,Nötral,C,3,1627675,C,A
rs9905979,Nötral,A,17,12420814,A,G
rs9908514,Nötral,C,17,71336927,A,C
rs9922172,Nötral,T,16,63684137,A,T
rs9938925,Nötral,C,16,63665249,G,C
rs9942245,Nötral,T,4,180043875,C,T
rs994955,Nötral,C,3,5817714,T,C
rs9957453,Nötral,C,18,76654249,A,C
rs9960422,Nötral,A,18,73511586,G,A
rs9961062,Nötral,A,18,64873558,G,A
rs9967433,Nötral,C,18,76666106,C,T
rs9976894,Nötral,C,21,23302442,T,C
rs9979881,Nötral,C,21,22612224,C,T
rs10423928,Obezite,T,19,45679046,T,A
rs10875976,Obezite,A,12,49832684,G,A
rs11209947,Obezite,A,1,72342868,T,A
rs11639988,Obezite,A,16,19933041,A,G
rs12735657,Obezite,C,1,177839998,T,C
rs1424233,Obezite,A,16,79648854,T,C
rs1514177,Obezite,C,1,74525718,C,G
rs2060457,Obezite,T,8,11355741,C,T
rs2112347,Obezite,T,5,75719417,T,G
rs2116830,Obezite,G,10,76886778,G,T
rs2370983,Obezite,A,14,79437033,G,A
rs2605100,Obezite,G,1,219470882,A,G
rs3101336,Obezite,C,1,72285502,T,C
rs4077678,Obezite,C,2,24899971,C,G
rs476828,Obezite,C,18,60185354,T,C
rs7531118,Obezite,C,1,72371556,T,C
rs9568867,Obezite,A,13,53533217,G,A
rs987237,Obezite,G,6,50835337,A,G
rs10048404,Tip2Diyabet,C,18,56911251,C,T
rs10096633,Tip2Diyabet,C,8,19973410,C,T
rs10101067,Tip2Diyabet,G,8,71495139,G,C
rs1010447,Tip2Diyabet,T,1,11209739,T,C
rs10114341,Tip2Diyabet,C,9,94156900,T,C
rs10159026,Tip2Diyabet,C,1,95938906,C,T
rs10184004,Tip2Diyabet,C,2,164651879,C,T
rs10229583,Tip2Diyabet,G,7,127606849,G,A
rs10305420,Tip2Diyabet,C,6,39048860,C,T
rs10406431,Tip2Diyabet,A,19,45653761,A,G
rs1042725,Tip2Diyabet,T,12,65964567,C,T
rs1048886,Tip2Diyabet,G,6,70579486,A,G
rs10490871,Tip2Diyabet,G,3,35626269,A,G
rs10507349,Tip2Diyabet,G,13,26207391,G,A
rs1058018,Tip2Diyabet,T,17,48922889,C,T
rs10758950,Tip2Diyabet,T,9,8290816,T,A
rs10787287,Tip2Diyabet,C,10,110887437,C,T
rs10787518,Tip2Diyabet,T,10,114062119,T,A
rs10814916,Tip2Diyabet,C,9,4293150,A,C
rs10835690,Tip2Diyabet,T,11,30598715,T,A
rs10844518,Tip2Diyabet,G,12,33257845,A,G
rs10860209,Tip2Diyabet,C,12,97456437,C,A
rs10879261,Tip2Diyabet,G,12,71126981,T,G
rs10886471,Tip2Diyabet,C,10,119389891,C,T
rs10889560,Tip2Diyabet,C,1,65524195,C,A
rs10893829,Tip2Diyabet,T,11,128172680,T,C
rs10906115,Tip2Diyabet,A,10,12272998,A,G
rs10974438,Tip2Diyabet,C,9,4291928,A,C
rs10992863,Tip2Diyabet,G,9,93683521,G,A
rs10993072,Tip2Diyabet,C,9,94152720,C,T
rs10998304,Tip2Diyabet,C,10,68583018,C,T
rs11033115,Tip2Diyabet,C,11,35413886,A,C
rs11042596,Tip2Diyabet,G,11,2097630,T,G
rs11043003,Tip2Diyabet,C,11,2181924,T,C
rs11048456,Tip2Diyabet,C,12,26310149,C,T
rs11063028,Tip2Diyabet,C,12,4191006,T,C
rs11063069,Tip2Diyabet,G,12,4265207,A,G
rs11070332,Tip2Diyabet,A,15,41517007,G,A
rs11073333,Tip2Diyabet,G,15,38528446,G,A
rs1108617,Tip2Diyabet,A,10,79283816,A,G
rs11098676,Tip2Diyabet,T,4,122911999,T,C
rs11108094,Tip2Diyabet,C,12,95534337,C,A
rs111283203,Tip2Diyabet,G,16,56425677,G,C
rs11150745,Tip2Diyabet,G,17,80783826,A,G
rs11181613,Tip2Diyabet,C,12,42652647,C,A
rs11199116,Tip2Diyabet,C,10,119900888,A,C
rs112324411,Tip2Diyabet,C,14,100792247,C,T
rs11249215,Tip2Diyabet,A,1,24970693,G,A
rs11257600,Tip2Diyabet,T,10,12213658,G,T
rs1127787,Tip2Diyabet,G,12,27714794,G,A
rs114136102,Tip2Diyabet,C,5,36084324,T,C
rs11496066,Tip2Diyabet,T,7,102845807,T,C
rs11558471,Tip2Diyabet,G,8,117173494,A,G
rs11583755,Tip2Diyabet,C,1,6612669,A,C
rs115884658,Tip2Diyabet,A,6,31896761,G,A
rs11634397,Tip2Diyabet,G,15,80139880,A,G
rs11639470,Tip2Diyabet,G,15,39346970,C,G
rs11646052,Tip2Diyabet,G,16,85682857,A,G
rs11651755,Tip2Diyabet,C,17,37739849,T,C
rs116549635,Tip2Diyabet,A,11,2269820,G,A
rs11662800,Tip2Diyabet,G,18,13271368,A,G
rs11671664,Tip2Diyabet,A,19,45669020,G,A
rs116861182,Tip2Diyabet,C,11,55820740,A,C
rs11699802,Tip2Diyabet,C,20,50215598,C,T
rs117001013,Tip2Diyabet,C,22,31952854,C,T
rs11716527,Tip2Diyabet,C,3,89937130,T,C
rs11723275,Tip2Diyabet,C,4,76607668,A,C
rs117737118,Tip2Diyabet,G,7,126886937,A,G
rs117809958,Tip2Diyabet,A,2,233282457,T,A
rs117834099,Tip2Diyabet,G,4,84379162,G,A
rs11795343,Tip2Diyabet,T,9,32523739,T,C
rs11830243,Tip2Diyabet,C,12,132060149,C,T
rs11848361,Tip2Diyabet,G,14,93573499,G,A
rs11913442,Tip2Diyabet,C,22,41197577,C,T
rs11925227,Tip2Diyabet,A,3,171048829,G,A
rs11940813,Tip2Diyabet,G,4,20209330,A,G
rs11998023,Tip2Diyabet,G,8,26014205,T,G
rs12041243,Tip2Diyabet,G,1,204521342,A,G
rs12116935,Tip2Diyabet,G,1,36323945,A,G
rs12128213,Tip2Diyabet,G,1,200228410,A,G
rs12187734,Tip2Diyabet,C,5,52467831,C,T
rs12305809,Tip2Diyabet,G,12,133200880,A,G
rs12403994,Tip2Diyabet,C,1,213982055,C,A
rs12433335,Tip2Diyabet,C,14,29617275,T,C
rs12437434,Tip2Diyabet,C,14,24409164,C,T
rs12505942,Tip2Diyabet,C,4,139985236,T,C
rs12519500,Tip2Diyabet,C,5,79141082,C,A
rs12549902,Tip2Diyabet,A,8,41651740,G,A
rs12578595,Tip2Diyabet,T,12,27812063,C,T
rs12680217,Tip2Diyabet,C,8,37540285,T,C
rs12681990,Tip2Diyabet,C,8,37001668,T,C
rs12712928,Tip2Diyabet,C,2,44964941,G,C
rs12746673,Tip2Diyabet,C,1,15723975,A,C
rs12820906,Tip2Diyabet,G,12,123008576,A,G
rs12884468,Tip2Diyabet,C,14,35383280,T,C
rs12907887,Tip2Diyabet,C,15,40323671,G,C
rs12910825,Tip2Diyabet,G,15,90968030,A,G
rs12912777,Tip2Diyabet,C,15,38560185,C,T
rs12917449,Tip2Diyabet,C,15,74039318,A,C
rs12932337,Tip2Diyabet,C,16,89564222,C,T
rs12933120,Tip2Diyabet,C,16,3584745,C,A
rs12986742,Tip2Diyabet,C,2,58748008,T,C
rs13005841,Tip2Diyabet,T,2,211437848,A,T
rs13024606,Tip2Diyabet,T,2,164716684,C,T
rs13085136,Tip2Diyabet,C,3,72816032,C,T
rs13086331,Tip2Diyabet,T,3,187980545,T,C
rs13094957,Tip2Diyabet,C,3,23415589,T,C
rs13214872,Tip2Diyabet,G,6,31287231,C,G
rs13239186,Tip2Diyabet,T,7,117870567,C,T
rs13342232,Tip2Diyabet,G,17,7042621,A,G
rs13426680,Tip2Diyabet,A,2,157483038,A,G
rs13434089,Tip2Diyabet,C,3,63962890,T,C
rs138213721,Tip2Diyabet,T,12,120800804,C,T
rs138337556,Tip2Diyabet,G,5,101897240,A,G
rs1408579,Tip2Diyabet,C,10,100152437,C,T
rs142385484,Tip2Diyabet,C,19,49513502,C,T
rs1437055,Tip2Diyabet,C,3,86781927,A,C
rs1449348,Tip2Diyabet,C,3,168507267,C,T
rs146886108,Tip2Diyabet,C,5,14751196,C,T
rs1475655,Tip2Diyabet,T,13,91310826,A,T
rs147689733,Tip2Diyabet,T,10,91832946,C,T
rs148106383,Tip2Diyabet,C,15,39420085,C,T
rs149265787,Tip2Diyabet,G,8,74302163,A,G
rs150626020,Tip2Diyabet,T,7,128050855,G,T
rs1573090,Tip2Diyabet,G,6,136981022,T,G
rs1635852,Tip2Diyabet,T,7,28149792,T,C
rs1641523,Tip2Diyabet,C,17,7646363,C,T
rs16826069,Tip2Diyabet,G,1,39331383,A,G
rs16861329,Tip2Diyabet,G,3,186948673,C,T
rs16881572,Tip2Diyabet,G,6,51548215,G,A
rs16884025,Tip2Diyabet,C,5,50657625,C,T
rs16902871,Tip2Diyabet,G,5,36256916,A,G
rs16988333,Tip2Diyabet,G,22,30156824,A,G
rs17013314,Tip2Diyabet,G,3,23468553,A,G
rs17035289,Tip2Diyabet,C,4,105127134,T,C
rs17086692,Tip2Diyabet,T,4,52268127,G,T
rs17105012,Tip2Diyabet,A,14,76909348,C,A
rs17175860,Tip2Diyabet,G,19,7235135,A,G
rs17250977,Tip2Diyabet,G,5,14753636,A,G
rs17265513,Tip2Diyabet,C,20,41203988,T,C
rs17439448,Tip2Diyabet,C,7,40777054,C,T
rs1752169,Tip2Diyabet,C,9,123824284,C,A
rs1758632,Tip2Diyabet,C,9,34025642,C,G
rs17662402,Tip2Diyabet,C,8,9407595,T,C
rs17684074,Tip2Diyabet,G,18,57008153,G,C
rs17737404,Tip2Diyabet,A,11,2249112,A,G
rs17747955,Tip2Diyabet,C,18,34002926,T,C
rs17772814,Tip2Diyabet,G,8,127699497,G,A
rs1796330,Tip2Diyabet,G,12,71129173,G,C
rs1800574,Tip2Diyabet,T,12,120979061,C,T
rs1800961,Tip2Diyabet,T,20,44413724,C,T
rs1815591,Tip2Diyabet,T,20,62645662,A,T
rs181752889,Tip2Diyabet,C,3,128860481,C,T
rs184509201,Tip2Diyabet,C,10,112980578,C,G
rs184660829,Tip2Diyabet,C,1,114602278,T,C
rs184847416,Tip2Diyabet,T,2,136287660,C,T
rs1872635,Tip2Diyabet,G,12,54147966,A,G
rs1885234,Tip2Diyabet,G,9,116489998,T,G
rs1899951,Tip2Diyabet,T,3,12353341,C,T
rs1922879,Tip2Diyabet,G,7,147961447,G,A
rs197374,Tip2Diyabet,C,1,111747361,C,T
rs197482,Tip2Diyabet,C,6,142748178,T,C
rs1990760,Tip2Diyabet,T,2,162267541,C,T
rs2011603,Tip2Diyabet,G,4,18023861,G,A
rs2028150,Tip2Diyabet,C,2,65427878,C,G
rs2033159,Tip2Diyabet,C,2,144503607,A,C
rs2050188,Tip2Diyabet,T,6,32372120,C,T
rs2055901,Tip2Diyabet,G,15,77466953,G,A
rs2056857,Tip2Diyabet,C,14,76834520,C,T
rs2071479,Tip2Diyabet,T,6,32813335,C,T
rs2106463,Tip2Diyabet,A,11,2618062,G,A
rs2126736,Tip2Diyabet,A,5,75279159,A,G
rs2236033,Tip2Diyabet,A,22,31605064,G,A
rs2240716,Tip2Diyabet,C,22,19982173,C,T
rs2244020,Tip2Diyabet,G,6,31379674,A,G
rs2249105,Tip2Diyabet,A,2,65060762,A,G
rs2250301,Tip2Diyabet,G,10,102788636,G,A
rs2252115,Tip2Diyabet,G,20,53004318,A,G
rs2255703,Tip2Diyabet,C,3,129574413,T,C
rs2257883,Tip2Diyabet,G,12,65822382,G,A
rs2269245,Tip2Diyabet,G,1,63642222,G,A
rs2272163,Tip2Diyabet,C,3,77622570,C,A
rs2277339,Tip2Diyabet,G,12,56752285,T,G
rs2282456,Tip2Diyabet,G,1,117626841,G,A
rs2283159,Tip2Diyabet,T,11,2548673,C,T
rs229533,Tip2Diyabet,C,22,37191071,A,C
rs2299383,Tip2Diyabet,T,7,103778399,C,T
rs231349,Tip2Diyabet,T,11,2651591,C,T
rs231362,Tip2Diyabet,G,11,2670241,A,G
rs234853,Tip2Diyabet,G,11,2829598,G,A
rs2394186,Tip2Diyabet,G,6,29848644,A,G
rs2409742,Tip2Diyabet,C,8,11212451,C,T
rs2410767,Tip2Diyabet,G,5,88409451,C,G
rs2426439,Tip2Diyabet,C,20,52383088,T,C
rs2431115,Tip2Diyabet,A,5,56552842,A,G
rs2453051,Tip2Diyabet,C,1,119956950,A,C
rs247975,Tip2Diyabet,C,3,173389653,T,C
rs2526678,Tip2Diyabet,A,11,61856321,G,A
rs2548498,Tip2Diyabet,T,5,52776811,T,A
rs2583921,Tip2Diyabet,C,12,65776701,A,C
rs2616132,Tip2Diyabet,A,10,69709758,G,A
rs2706710,Tip2Diyabet,T,17,67645535,C,T
rs2706785,Tip2Diyabet,G,4,121739095,A,G
rs2725371,Tip2Diyabet,G,8,30996517,A,G
rs2732469,Tip2Diyabet,T,12,48319149,T,A
rs2767036,Tip2Diyabet,C,11,34960601,C,A
rs2800733,Tip2Diyabet,A,6,127095785,A,G
rs2820444,Tip2Diyabet,G,1,219568478,G,A
rs2844623,Tip2Diyabet,C,6,31264766,C,T
rs28637892,Tip2Diyabet,T,22,45917738,G,T
rs28691713,Tip2Diyabet,C,22,49962654,C,T
rs28712435,Tip2Diyabet,C,3,149503776,C,T
rs28998802,Tip2Diyabet,A,17,27797882,G,A
rs2943657,Tip2Diyabet,T,2,226258723,C,T
rs2952858,Tip2Diyabet,G,4,129865191,A,G
rs302864,Tip2Diyabet,A,17,58680223,G,A
rs303760,Tip2Diyabet,C,18,23503774,C,T
rs305686,Tip2Diyabet,C,2,162767422,C,T
rs3176466,Tip2Diyabet,C,1,50972693,C,T
rs33959228,Tip2Diyabet,C,6,35291620,C,T
rs34340810,Tip2Diyabet,G,8,104649698,G,C
rs34454109,Tip2Diyabet,A,20,52607055,A,T
rs34536443,Tip2Diyabet,G,19,10352442,G,C
rs34845373,Tip2Diyabet,G,2,25412902,A,G
rs349359,Tip2Diyabet,C,8,72591508,A,C
rs35004890,Tip2Diyabet,G,19,1224287,G,T
rs35011184,Tip2Diyabet,G,10,112989975,G,A
rs35164294,Tip2Diyabet,G,6,129944121,G,T
rs35658696,Tip2Diyabet,G,5,103003107,A,G
rs35753840,Tip2Diyabet,C,8,14291481,A,C
rs3735567,Tip2Diyabet,G,7,28179691,G,A
rs3742305,Tip2Diyabet,G,13,30462505,C,G
rs3757969,Tip2Diyabet,G,8,144327536,C,G
rs3772071,Tip2Diyabet,T,2,160279033,C,T
rs3779272,Tip2Diyabet,T,7,78199674,T,A
rs3789588,Tip2Diyabet,A,1,50800851,G,A
rs3810291,Tip2Diyabet,A,19,47065746,G,A
rs3811978,Tip2Diyabet,G,5,52804655,A,G
rs3842770,Tip2Diyabet,A,11,2157440,G,A
rs3845281,Tip2Diyabet,G,5,14610025,G,A
rs3869115,Tip2Diyabet,G,6,31236917,C,G
rs3872707,Tip2Diyabet,G,3,9472332,G,A
rs3900856,Tip2Diyabet,A,5,56538065,G,A
rs4077468,Tip2Diyabet,A,1,205945629,A,G
rs41304257,Tip2Diyabet,G,1,201880798,A,G
rs4132228,Tip2Diyabet,C,3,64722438,C,T
rs4132670,Tip2Diyabet,A,10,113008012,G,A
rs4273712,Tip2Diyabet,G,6,126643364,A,G
rs4281707,Tip2Diyabet,G,16,53468034,G,A
rs4294149,Tip2Diyabet,C,8,134763303,C,T
rs4385321,Tip2Diyabet,A,6,153073593,G,A
rs4458523,Tip2Diyabet,G,4,6288259,T,G
rs465002,Tip2Diyabet,T,5,56512648,C,T
rs4673712,Tip2Diyabet,C,2,212964997,T,C
rs4709746,Tip2Diyabet,C,6,163711969,C,T
rs4712524,Tip2Diyabet,G,6,20657634,A,G
rs474513,Tip2Diyabet,A,6,160349280,A,G
rs476828,Tip2Diyabet,C,18,60185354,T,C
rs4805881,Tip2Diyabet,C,19,33405526,A,
rs4807125,Tip2Diyabet,C,19,1646713,C,T
rs4809369,Tip2Diyabet,G,20,63839432,G,A
rs4812829,Tip2Diyabet,A,20,44360627,G,A
rs4834232,Tip2Diyabet,C,4,128103118,C,T
rs4899280,Tip2Diyabet,C,14,69059590,C,T
rs4918796,Tip2Diyabet,C,10,113120583,T,C
rs4925109,Tip2Diyabet,A,17,17758488,A,G
rs4946812,Tip2Diyabet,G,6,107110484,G,A
rs4964665,Tip2Diyabet,C,12,108234290,T,C
rs4984980,Tip2Diyabet,G,16,918292,G,A
rs5015480,Tip2Diyabet,C,10,92705802,C,T
rs510062,Tip2Diyabet,G,8,96126510,A,G
rs528350911,Tip2Diyabet,G,15,53455031,C,G
rs529623,Tip2Diyabet,C,11,117822540,T,C
rs551513405,Tip2Diyabet,A,7,56003690,G,A
rs55812705,Tip2Diyabet,C,6,111417590,T,C
rs55816909,Tip2Diyabet,C,11,69643662,G,C
rs56200889,Tip2Diyabet,G,11,72697010,G,C
rs56348580,Tip2Diyabet,G,12,120994314,G,C
rs56799554,Tip2Diyabet,G,17,43379045,A,G
rs56805921,Tip2Diyabet,C,7,13849074,G,C
rs569511541,Tip2Diyabet,G,17,54063444,A,G
rs583769,Tip2Diyabet,G,7,18292292,G,A
rs59020573,Tip2Diyabet,G,1,32730519,G,A
rs59489841,Tip2Diyabet,C,3,173992905,C,T
rs60384372,Tip2Diyabet,G,8,10117074,A,G
rs60573766,Tip2Diyabet,C,1,20361859,C,T
rs6063048,Tip2Diyabet,G,20,46969925,G,A
rs6063454,Tip2Diyabet,G,20,49974254,G,T
rs6073143,Tip2Diyabet,C,20,43602055,T,C
rs6134031,Tip2Diyabet,T,20,10771962,C,T
rs61342118,Tip2Diyabet,A,7,128121865,C,A
rs620191,Tip2Diyabet,G,10,101306032,G,T
rs62034975,Tip2Diyabet,G,16,20381093,G,C
rs62080313,Tip2Diyabet,C,18,38698745,T,C
rs62515938,Tip2Diyabet,C,8,56570454,C,T
rs6479591,Tip2Diyabet,G,9,95033139,G,A
rs6544662,Tip2Diyabet,C,2,43484954,C,A
rs654629,Tip2Diyabet,G,9,82697160,G,C
rs6561273,Tip2Diyabet,G,13,45940357,C,G
rs6712905,Tip2Diyabet,C,2,196087286,T,C
rs67156297,Tip2Diyabet,A,1,154364240,G,A
rs6715901,Tip2Diyabet,G,2,178786227,G,A
rs6716394,Tip2Diyabet,G,2,145593156,G,A
rs67232546,Tip2Diyabet,T,11,128529043,C,T
rs67254669,Tip2Diyabet,G,11,17448596,A,G
rs67269808,Tip2Diyabet,G,9,79293071,A,G
rs676387,Tip2Diyabet,C,17,42554255,C,
rs6928012,Tip2Diyabet,C,6,20728282,C,T
rs6947395,Tip2Diyabet,T,7,69941675,A,T
rs697239,Tip2Diyabet,C,10,79187681,T,C
rs7026688,Tip2Diyabet,G,9,123213118,G,A
rs7029718,Tip2Diyabet,G,9,23358497,G,A
rs7107784,Tip2Diyabet,G,11,2193859,G,A
rs7127212,Tip2Diyabet,C,11,119082492,C,T
rs7138300,Tip2Diyabet,C,12,71045809,C,T
rs71495046,Tip2Diyabet,C,10,33708299,A,C
rs7163757,Tip2Diyabet,C,15,62099409,C,T
rs7202844,Tip2Diyabet,G,16,75213493,A,G
rs7219033,Tip2Diyabet,G,17,9884641,G,A
rs7224711,Tip2Diyabet,C,17,78776206,C,T
rs7227272,Tip2Diyabet,G,18,39166659,G,A
rs7236466,Tip2Diyabet,G,18,76850295,T,G
rs7249758,Tip2Diyabet,A,19,4948850,G,A
rs72692804,Tip2Diyabet,G,1,149919476,G,C
rs72751723,Tip2Diyabet,T,5,50441389,G,T
rs72926932,Tip2Diyabet,C,18,55383415,A,C
rs72928038,Tip2Diyabet,A,6,90267049,G,A
rs72982988,Tip2Diyabet,A,18,60135482,G,
rs7304270,Tip2Diyabet,C,12,4272815,C,T
rs730497,Tip2Diyabet,G,7,44184122,G,A
rs73069940,Tip2Diyabet,C,4,1242714,C,G
rs73085586,Tip2Diyabet,G,20,22449603,G,A
rs73121277,Tip2Diyabet,C,7,50510270,T,C
rs7316626,Tip2Diyabet,G,12,6582286,G,A
rs73184014,Tip2Diyabet,G,7,104875827,A,G
rs73221116,Tip2Diyabet,G,4,726892,G,A
rs73284431,Tip2Diyabet,G,7,15394605,G,C
rs7330796,Tip2Diyabet,T,13,75324027,T,C
rs73541184,Tip2Diyabet,G,11,72717103,G,A
rs735949,Tip2Diyabet,C,4,184795078,T,C
rs73642097,Tip2Diyabet,G,9,14141704,A,G
rs738408,Tip2Diyabet,T,22,43928850,C,T
rs74577409,Tip2Diyabet,G,17,7044134,C,G
rs7483027,Tip2Diyabet,C,11,58360542,T,C
rs75029938,Tip2Diyabet,T,5,126437641,C,T
rs75307421,Tip2Diyabet,G,22,31807348,G,A
rs75332279,Tip2Diyabet,C,15,52807109,T,C
rs7560163,Tip2Diyabet,C,2,150781422,C,G
rs756145,Tip2Diyabet,G,9,1039939,G,A
rs7561798,Tip2Diyabet,G,2,228108944,A,G
rs75619936,Tip2Diyabet,G,9,3249708,C,G
rs75693095,Tip2Diyabet,G,7,23400438,G,C
rs7572857,Tip2Diyabet,G,2,65069664,G,A
rs75756987,Tip2Diyabet,G,21,46347381,G,C
rs75851973,Tip2Diyabet,G,5,151085018,A,G
rs7645613,Tip2Diyabet,C,3,115344825,T,C
rs76541615,Tip2Diyabet,T,6,31058459,T,G
rs76549217,Tip2Diyabet,T,5,14768657,C,T
rs76550717,Tip2Diyabet,A,11,72717127,A,G
rs7660000,Tip2Diyabet,C,4,88830707,C,T
rs76789970,Tip2Diyabet,C,11,9834468,C,T
rs7685296,Tip2Diyabet,T,4,152332969,C,T
rs77065181,Tip2Diyabet,A,10,23198849,G,A
rs7721099,Tip2Diyabet,C,5,88640561,T,C
rs7781440,Tip2Diyabet,C,7,50819477,T,C
rs7786095,Tip2Diyabet,G,7,157191153,A,G
rs77864822,Tip2Diyabet,A,12,97454997,A,G
rs77978149,Tip2Diyabet,T,12,49876080,C,T
rs78020297,Tip2Diyabet,A,16,53724808,G,A
rs7845219,Tip2Diyabet,C,8,94925274,T,C
rs78627331,Tip2Diyabet,C,10,93052497,A,C
rs7867635,Tip2Diyabet,C,9,20241071,T,C
rs7961581,Tip2Diyabet,C,12,71269322,C,T
rs79826452,Tip2Diyabet,A,15,98823180,A,G
rs80005921,Tip2Diyabet,G,7,15023754,A,G
rs8008540,Tip2Diyabet,C,14,74481477,C,T
rs80147536,Tip2Diyabet,A,2,43470889,A,T
rs80234489,Tip2Diyabet,C,12,31288245,A,C
rs8026714,Tip2Diyabet,A,15,90979023,G,A
rs8032939,Tip2Diyabet,C,15,38541832,T,C
rs8071043,Tip2Diyabet,C,17,4085157,T,C
rs8107527,Tip2Diyabet,G,19,45655159,G,A
rs8192675,Tip2Diyabet,C,3,171007094,T,C
rs827237,Tip2Diyabet,C,10,70888579,C,T
rs870992,Tip2Diyabet,G,5,52897406,A,G
rs878017,Tip2Diyabet,G,10,13524204,A,G
rs878521,Tip2Diyabet,A,7,44216044,G,A
rs890940,Tip2Diyabet,C,5,158599736,C,T
rs893617,Tip2Diyabet,C,15,89838046,C,T
rs917195,Tip2Diyabet,C,7,30688836,C,T
rs9271774,Tip2Diyabet,C,6,32626532,A,C
rs9275184,Tip2Diyabet,C,6,32686937,T,C
rs9296095,Tip2Diyabet,C,6,33574746,T,C
rs9309245,Tip2Diyabet,G,2,53169910,C,G
rs9319382,Tip2Diyabet,C,13,27670990,C,T
rs9370243,Tip2Diyabet,G,6,53925032,G,T
rs9384,Tip2Diyabet,G,19,12899829,G,T
rs9385400,Tip2Diyabet,T,6,126443044,T,G
rs9470794,Tip2Diyabet,C,6,38139068,T,C
rs9479,Tip2Diyabet,G,15,74036235,A,G
rs9505085,Tip2Diyabet,C,6,7226726,C,T
rs9505097,Tip2Diyabet,C,6,7255417,C,T
rs9505118,Tip2Diyabet,G,6,7290204,A,G
rs9552911,Tip2Diyabet,G,13,23290518,G,A
rs9555581,Tip2Diyabet,C,13,109291844,C,T
rs9564268,Tip2Diyabet,C,13,65630748,T,C
rs9591325,Tip2Diyabet,T,13,50237084,T,C
rs9687832,Tip2Diyabet,A,5,56565768,G,A
rs9784137,Tip2Diyabet,G,2,120568332,G,A
rs9852406,Tip2Diyabet,C,3,135906656,C,T
rs9859406,Tip2Diyabet,G,3,185816694,G,A
rs9869477,Tip2Diyabet,G,3,28690319,G,A
rs9900074,Tip2Diyabet,G,17,48046964,G,C
rs9913225,Tip2Diyabet,G,17,29243604,G,A
rs9948462,Tip2Diyabet,T,18,7076837,C,T